NomeAluno,Sexo
ALUNO-1,F
ALUNO-2,F
ALUNO-3,F
ALUNO-4,M
ALUNO-5,M
ALUNO-6,F
ALUNO-7,M
ALUNO-8,F
ALUNO-9,M
ALUNO-10,F
ALUNO-11,M
ALUNO-12,M
ALUNO-13,F
ALUNO-14,F
ALUNO-15,F
ALUNO-16,F
ALUNO-17,M
ALUNO-18,M
ALUNO-19,M
ALUNO-20,F
ALUNO-21,M
ALUNO-22,F
ALUNO-23,F
ALUNO-24,F
ALUNO-25,M
ALUNO-26,F
ALUNO-27,M
ALUNO-28,F
ALUNO-29,F
ALUNO-30,F
ALUNO-31,F
ALUNO-32,F
ALUNO-33,M
ALUNO-34,F
ALUNO-35,F
ALUNO-36,F
ALUNO-37,M
ALUNO-38,F
ALUNO-39,F
ALUNO-40,M
ALUNO-41,M
ALUNO-42,M
ALUNO-43,F
ALUNO-44,M
ALUNO-45,M
ALUNO-46,F
ALUNO-47,M
ALUNO-48,F
ALUNO-49,F
ALUNO-50,M
ALUNO-51,M
ALUNO-52,M
ALUNO-53,F
ALUNO-54,F
ALUNO-55,F
ALUNO-56,M
ALUNO-57,M
ALUNO-58,F
ALUNO-59,M
ALUNO-60,M
ALUNO-61,F
ALUNO-62,M
ALUNO-63,F
ALUNO-64,M
ALUNO-65,M
ALUNO-66,F
ALUNO-67,F
ALUNO-68,M
ALUNO-69,M
ALUNO-70,F
ALUNO-71,F
ALUNO-72,F
ALUNO-73,F
ALUNO-74,F
ALUNO-75,F
ALUNO-76,F
ALUNO-77,F
ALUNO-78,F
ALUNO-79,M
ALUNO-80,M
ALUNO-81,F
ALUNO-82,F
ALUNO-83,F
ALUNO-84,F
ALUNO-85,M
ALUNO-86,M
ALUNO-87,F
ALUNO-88,F
ALUNO-89,F
ALUNO-90,M
ALUNO-91,F
ALUNO-92,F
ALUNO-93,F
ALUNO-94,F
ALUNO-95,F
ALUNO-96,M
ALUNO-97,F
ALUNO-98,F
ALUNO-99,M
ALUNO-100,F
ALUNO-101,M
ALUNO-102,M
ALUNO-103,F
ALUNO-104,M
ALUNO-105,F
ALUNO-106,F
ALUNO-107,F
ALUNO-108,F
ALUNO-109,F
ALUNO-110,M
ALUNO-111,F
ALUNO-112,F
ALUNO-113,F
ALUNO-114,M
ALUNO-115,M
ALUNO-116,M
ALUNO-117,F
ALUNO-118,F
ALUNO-119,F
ALUNO-120,F
ALUNO-121,F
ALUNO-122,F
ALUNO-123,F
ALUNO-124,M
ALUNO-125,M
ALUNO-126,F
ALUNO-127,F
ALUNO-128,F
ALUNO-129,F
ALUNO-130,F
ALUNO-131,F
ALUNO-132,F
ALUNO-133,M
ALUNO-134,F
ALUNO-135,F
ALUNO-136,F
ALUNO-137,F
ALUNO-138,F
ALUNO-139,F
ALUNO-140,F
ALUNO-141,M
ALUNO-142,F
ALUNO-143,M
ALUNO-144,M
ALUNO-145,M
ALUNO-146,F
ALUNO-147,F
ALUNO-148,F
ALUNO-149,F
ALUNO-150,M
ALUNO-151,M
ALUNO-152,F
ALUNO-153,M
ALUNO-154,M
ALUNO-155,M
ALUNO-156,M
ALUNO-157,M
ALUNO-158,F
ALUNO-159,F
ALUNO-160,F
ALUNO-161,F
ALUNO-162,M
ALUNO-163,M
ALUNO-164,F
ALUNO-165,F
ALUNO-166,F
ALUNO-167,F
ALUNO-168,F
ALUNO-169,F
ALUNO-170,F
ALUNO-171,F
ALUNO-172,F
ALUNO-173,F
ALUNO-174,M
ALUNO-175,F
ALUNO-176,F
ALUNO-177,F
ALUNO-178,F
ALUNO-179,F
ALUNO-180,F
ALUNO-181,M
ALUNO-182,M
ALUNO-183,M
ALUNO-184,M
ALUNO-185,M
ALUNO-186,F
ALUNO-187,F
ALUNO-188,F
ALUNO-189,F
ALUNO-190,M
ALUNO-191,F
ALUNO-192,F
ALUNO-193,F
ALUNO-194,M
ALUNO-195,F
ALUNO-196,F
ALUNO-197,M
ALUNO-198,M
ALUNO-199,F
ALUNO-200,M
ALUNO-201,M
ALUNO-202,F
ALUNO-203,M
ALUNO-204,F
ALUNO-205,M
ALUNO-206,M
ALUNO-207,F
ALUNO-208,F
ALUNO-209,M
ALUNO-210,M
ALUNO-211,M
ALUNO-212,M
ALUNO-213,F
ALUNO-214,M
ALUNO-215,F
ALUNO-216,F
ALUNO-217,F
ALUNO-218,M
ALUNO-219,F
ALUNO-220,F
ALUNO-221,F
ALUNO-222,M
ALUNO-223,M
ALUNO-224,F
ALUNO-225,F
ALUNO-226,M
ALUNO-227,F
ALUNO-228,F
ALUNO-229,F
ALUNO-230,M
ALUNO-231,F
ALUNO-232,F
ALUNO-233,F
ALUNO-234,M
ALUNO-235,F
ALUNO-236,M
ALUNO-237,M
ALUNO-238,M
ALUNO-239,F
ALUNO-240,M
ALUNO-241,M
ALUNO-242,M
ALUNO-243,F
ALUNO-244,M
ALUNO-245,F
ALUNO-246,F
ALUNO-247,F
ALUNO-248,F
ALUNO-249,M
ALUNO-250,F
ALUNO-251,F
ALUNO-252,F
ALUNO-253,F
ALUNO-254,M
ALUNO-255,F
ALUNO-256,F
ALUNO-257,F
ALUNO-258,F
ALUNO-259,M
ALUNO-260,M
ALUNO-261,M
ALUNO-262,M
ALUNO-263,F
ALUNO-264,F
ALUNO-265,F
ALUNO-266,M
ALUNO-267,M
ALUNO-268,M
ALUNO-269,M
ALUNO-270,M
ALUNO-271,M
ALUNO-272,M
ALUNO-273,F
ALUNO-274,F
ALUNO-275,F
ALUNO-276,M
ALUNO-277,M
ALUNO-278,M
ALUNO-279,F
ALUNO-280,M
ALUNO-281,F
ALUNO-282,M
ALUNO-283,F
ALUNO-284,M
ALUNO-285,F
ALUNO-286,F
ALUNO-287,F
ALUNO-288,F
ALUNO-289,F
ALUNO-290,M
ALUNO-291,M
ALUNO-292,M
ALUNO-293,F
ALUNO-294,F
ALUNO-295,M
ALUNO-296,F
ALUNO-297,M
ALUNO-298,M
ALUNO-299,M
ALUNO-300,F
ALUNO-301,M
ALUNO-302,F
ALUNO-303,M
ALUNO-304,M
ALUNO-305,F
ALUNO-306,F
ALUNO-307,F
ALUNO-308,F
ALUNO-309,F
ALUNO-310,F
ALUNO-311,F
ALUNO-312,M
ALUNO-313,F
ALUNO-314,F
ALUNO-315,F
ALUNO-316,M
ALUNO-317,F
ALUNO-318,F
ALUNO-319,F
ALUNO-320,M
ALUNO-321,M
ALUNO-322,F
ALUNO-323,M
ALUNO-324,M
ALUNO-325,M
ALUNO-326,M
ALUNO-327,M
ALUNO-328,M
ALUNO-329,M
ALUNO-330,M
ALUNO-331,M
ALUNO-332,F
ALUNO-333,M
ALUNO-334,F
ALUNO-335,M
ALUNO-336,F
ALUNO-337,F
ALUNO-338,F
ALUNO-339,F
ALUNO-340,M
ALUNO-341,M
ALUNO-342,F
ALUNO-343,F
ALUNO-344,F
ALUNO-345,F
ALUNO-346,F
ALUNO-347,F
ALUNO-348,M
ALUNO-349,F
ALUNO-350,F
ALUNO-351,M
ALUNO-352,F
ALUNO-353,M
ALUNO-354,F
ALUNO-355,M
ALUNO-356,M
ALUNO-357,F
ALUNO-358,F
ALUNO-359,M
ALUNO-360,M
ALUNO-361,M
ALUNO-362,M
ALUNO-363,F
ALUNO-364,M
ALUNO-365,F
ALUNO-366,M
ALUNO-367,M
ALUNO-368,M
ALUNO-369,F
ALUNO-370,M
ALUNO-371,M
ALUNO-372,F
ALUNO-373,F
ALUNO-374,F
ALUNO-375,F
ALUNO-376,F
ALUNO-377,M
ALUNO-378,M
ALUNO-379,M
ALUNO-380,M
ALUNO-381,M
ALUNO-382,M
ALUNO-383,F
ALUNO-384,M
ALUNO-385,F
ALUNO-386,F
ALUNO-387,M
ALUNO-388,F
ALUNO-389,M
ALUNO-390,F
ALUNO-391,F
ALUNO-392,F
ALUNO-393,M
ALUNO-394,F
ALUNO-395,M
ALUNO-396,M
ALUNO-397,F
ALUNO-398,F
ALUNO-399,F
ALUNO-400,F
ALUNO-401,F
ALUNO-402,F
ALUNO-403,M
ALUNO-404,F
ALUNO-405,F
ALUNO-406,M
ALUNO-407,F
ALUNO-408,M
ALUNO-409,F
ALUNO-410,M
ALUNO-411,F
ALUNO-412,M
ALUNO-413,M
ALUNO-414,F
ALUNO-415,M
ALUNO-416,F
ALUNO-417,F
ALUNO-418,F
ALUNO-419,F
ALUNO-420,F
ALUNO-421,M
ALUNO-422,F
ALUNO-423,M
ALUNO-424,F
ALUNO-425,F
ALUNO-426,F
ALUNO-427,F
ALUNO-428,F
ALUNO-429,F
ALUNO-430,F
ALUNO-431,F
ALUNO-432,F
ALUNO-433,F
ALUNO-434,F
ALUNO-435,F
ALUNO-436,F
ALUNO-437,F
ALUNO-438,M
ALUNO-439,F
ALUNO-440,F
ALUNO-441,M
ALUNO-442,F
ALUNO-443,F
ALUNO-444,F
ALUNO-445,M
ALUNO-446,M
ALUNO-447,M
ALUNO-448,F
ALUNO-449,F
ALUNO-450,M
ALUNO-451,F
ALUNO-452,M
ALUNO-453,M
ALUNO-454,M
ALUNO-455,F
ALUNO-456,F
ALUNO-457,M
ALUNO-458,M
ALUNO-459,M
ALUNO-460,M
ALUNO-461,F
ALUNO-462,F
ALUNO-463,M
ALUNO-464,M
ALUNO-465,M
ALUNO-466,F
ALUNO-467,M
ALUNO-468,F
ALUNO-469,M
ALUNO-470,F
ALUNO-471,F
ALUNO-472,F
ALUNO-473,M
ALUNO-474,M
ALUNO-475,F
ALUNO-476,F
ALUNO-477,F
ALUNO-478,F
ALUNO-479,M
ALUNO-480,F
ALUNO-481,F
ALUNO-482,F
ALUNO-483,F
ALUNO-484,M
ALUNO-485,M
ALUNO-486,M
ALUNO-487,M
ALUNO-488,F
ALUNO-489,F
ALUNO-490,M
ALUNO-491,F
ALUNO-492,M
ALUNO-493,F
ALUNO-494,F
ALUNO-495,F
ALUNO-496,F
ALUNO-497,F
ALUNO-498,M
ALUNO-499,F
ALUNO-500,M
ALUNO-501,F
ALUNO-502,M
ALUNO-503,M
ALUNO-504,F
ALUNO-505,M
ALUNO-506,M
ALUNO-507,F
ALUNO-508,M
ALUNO-509,M
ALUNO-510,F
ALUNO-511,M
ALUNO-512,M
ALUNO-513,F
ALUNO-514,M
ALUNO-515,M
ALUNO-516,M
ALUNO-517,F
ALUNO-518,F
ALUNO-519,M
ALUNO-520,M
ALUNO-521,F
ALUNO-522,M
ALUNO-523,M
ALUNO-524,M
ALUNO-525,M
ALUNO-526,F
ALUNO-527,F
ALUNO-528,F
ALUNO-529,M
ALUNO-530,F
ALUNO-531,F
ALUNO-532,F
ALUNO-533,F
ALUNO-534,F
ALUNO-535,M
ALUNO-536,M
ALUNO-537,M
ALUNO-538,M
ALUNO-539,M
ALUNO-540,M
ALUNO-541,F
ALUNO-542,F
ALUNO-543,F
ALUNO-544,M
ALUNO-545,M
ALUNO-546,M
ALUNO-547,F
ALUNO-548,F
ALUNO-549,M
ALUNO-550,M
ALUNO-551,F
ALUNO-552,F
ALUNO-553,M
ALUNO-554,M
ALUNO-555,F
ALUNO-556,F
ALUNO-557,M
ALUNO-558,F
ALUNO-559,M
ALUNO-560,M
ALUNO-561,F
ALUNO-562,M
ALUNO-563,F
ALUNO-564,M
ALUNO-565,F
ALUNO-566,M
ALUNO-567,M
ALUNO-568,F
ALUNO-569,M
ALUNO-570,M
ALUNO-571,F
ALUNO-572,M
ALUNO-573,F
ALUNO-574,M
ALUNO-575,F
ALUNO-576,F
ALUNO-577,M
ALUNO-578,F
ALUNO-579,F
ALUNO-580,F
ALUNO-581,F
ALUNO-582,M
ALUNO-583,F
ALUNO-584,M
ALUNO-585,F
ALUNO-586,F
ALUNO-587,M
ALUNO-588,F
ALUNO-589,M
ALUNO-590,F
ALUNO-591,M
ALUNO-592,F
ALUNO-593,F
ALUNO-594,M
ALUNO-595,M
ALUNO-596,M
ALUNO-597,M
ALUNO-598,F
ALUNO-599,F
ALUNO-600,F
ALUNO-601,M
ALUNO-602,F
ALUNO-603,M
ALUNO-604,F
ALUNO-605,M
ALUNO-606,F
ALUNO-607,M
ALUNO-608,M
ALUNO-609,F
ALUNO-610,M
ALUNO-611,F
ALUNO-612,F
ALUNO-613,F
ALUNO-614,F
ALUNO-615,F
ALUNO-616,M
ALUNO-617,M
ALUNO-618,M
ALUNO-619,F
ALUNO-620,M
ALUNO-621,F
ALUNO-622,F
ALUNO-623,F
ALUNO-624,F
ALUNO-625,M
ALUNO-626,F
ALUNO-627,M
ALUNO-628,M
ALUNO-629,M
ALUNO-630,M
ALUNO-631,F
ALUNO-632,M
ALUNO-633,F
ALUNO-634,M
ALUNO-635,M
ALUNO-636,M
ALUNO-637,M
ALUNO-638,F
ALUNO-639,M
ALUNO-640,M
ALUNO-641,M
ALUNO-642,F
ALUNO-643,F
ALUNO-644,F
ALUNO-645,F
ALUNO-646,F
ALUNO-647,F
ALUNO-648,F
ALUNO-649,F
ALUNO-650,M
ALUNO-651,M
ALUNO-652,F
ALUNO-653,F
ALUNO-654,M
ALUNO-655,M
ALUNO-656,F
ALUNO-657,M
ALUNO-658,M
ALUNO-659,M
ALUNO-660,F
ALUNO-661,F
ALUNO-662,M
ALUNO-663,M
ALUNO-664,M
ALUNO-665,F
ALUNO-666,M
ALUNO-667,M
ALUNO-668,F
ALUNO-669,F
ALUNO-670,M
ALUNO-671,F
ALUNO-672,F
ALUNO-673,M
ALUNO-674,F
ALUNO-675,F
ALUNO-676,F
ALUNO-677,M
ALUNO-678,M
ALUNO-679,M
ALUNO-680,F
ALUNO-681,F
ALUNO-682,M
ALUNO-683,F
ALUNO-684,M
ALUNO-685,M
ALUNO-686,F
ALUNO-687,M
ALUNO-688,F
ALUNO-689,F
ALUNO-690,F
ALUNO-691,M
ALUNO-692,F
ALUNO-693,F
ALUNO-694,F
ALUNO-695,F
ALUNO-696,F
ALUNO-697,F
ALUNO-698,F
ALUNO-699,M
ALUNO-700,F
ALUNO-701,F
ALUNO-702,M
ALUNO-703,M
ALUNO-704,F
ALUNO-705,M
ALUNO-706,F
ALUNO-707,M
ALUNO-708,F
ALUNO-709,F
ALUNO-710,M
ALUNO-711,F
ALUNO-712,M
ALUNO-713,F
ALUNO-714,F
ALUNO-715,F
ALUNO-716,M
ALUNO-717,M
ALUNO-718,F
ALUNO-719,M
ALUNO-720,M
ALUNO-721,F
ALUNO-722,M
ALUNO-723,F
ALUNO-724,M
ALUNO-725,M
ALUNO-726,M
ALUNO-727,F
ALUNO-728,F
ALUNO-729,M
ALUNO-730,F
ALUNO-731,F
ALUNO-732,M
ALUNO-733,M
ALUNO-734,M
ALUNO-735,M
ALUNO-736,F
ALUNO-737,M
ALUNO-738,M
ALUNO-739,F
ALUNO-740,F
ALUNO-741,M
ALUNO-742,F
ALUNO-743,M
ALUNO-744,F
ALUNO-745,M
ALUNO-746,F
ALUNO-747,M
ALUNO-748,F
ALUNO-749,F
ALUNO-750,F
ALUNO-751,F
ALUNO-752,M
ALUNO-753,M
ALUNO-754,M
ALUNO-755,F
ALUNO-756,M
ALUNO-757,F
ALUNO-758,M
ALUNO-759,M
ALUNO-760,M
ALUNO-761,M
ALUNO-762,F
ALUNO-763,M
ALUNO-764,F
ALUNO-765,M
ALUNO-766,M
ALUNO-767,M
ALUNO-768,M
ALUNO-769,F
ALUNO-770,M
ALUNO-771,F
ALUNO-772,F
ALUNO-773,F
ALUNO-774,M
ALUNO-775,F
ALUNO-776,M
ALUNO-777,M
ALUNO-778,F
ALUNO-779,M
ALUNO-780,M
ALUNO-781,F
ALUNO-782,F
ALUNO-783,F
ALUNO-784,M
ALUNO-785,F
ALUNO-786,F
ALUNO-787,M
ALUNO-788,M
ALUNO-789,F
ALUNO-790,M
ALUNO-791,F
ALUNO-792,M
ALUNO-793,M
ALUNO-794,
ALUNO-795,F
ALUNO-796,F
ALUNO-797,F
ALUNO-798,M
ALUNO-799,F
ALUNO-800,M
ALUNO-801,M
ALUNO-802,M
ALUNO-803,M
ALUNO-804,M
ALUNO-805,F
ALUNO-806,F
ALUNO-807,M
ALUNO-808,M
ALUNO-809,F
ALUNO-810,F
ALUNO-811,M
ALUNO-812,F
ALUNO-813,M
ALUNO-814,M
ALUNO-815,M
ALUNO-816,F
ALUNO-817,F
ALUNO-818,F
ALUNO-819,M
ALUNO-820,F
ALUNO-821,F
ALUNO-822,F
ALUNO-823,M
ALUNO-824,M
ALUNO-825,M
ALUNO-826,M
ALUNO-827,F
ALUNO-828,M
ALUNO-829,M
ALUNO-830,F
ALUNO-831,M
ALUNO-832,F
ALUNO-833,F
ALUNO-834,F
ALUNO-835,M
ALUNO-836,F
ALUNO-837,M
ALUNO-838,M
ALUNO-839,M
ALUNO-840,F
ALUNO-841,M
ALUNO-842,F
ALUNO-843,M
ALUNO-844,F
ALUNO-845,M
ALUNO-846,F
ALUNO-847,M
ALUNO-848,F
ALUNO-849,M
ALUNO-850,F
ALUNO-851,M
ALUNO-852,F
ALUNO-853,M
ALUNO-854,M
ALUNO-855,M
ALUNO-856,F
ALUNO-857,F
ALUNO-858,F
ALUNO-859,M
ALUNO-860,M
ALUNO-861,M
ALUNO-862,F
ALUNO-863,F
ALUNO-864,M
ALUNO-865,M
ALUNO-866,F
ALUNO-867,M
ALUNO-868,F
ALUNO-869,F
ALUNO-870,F
ALUNO-871,F
ALUNO-872,M
ALUNO-873,F
ALUNO-874,F
ALUNO-875,M
ALUNO-876,M
ALUNO-877,F
ALUNO-878,M
ALUNO-879,M
ALUNO-880,F
ALUNO-881,M
ALUNO-882,F
ALUNO-883,F
ALUNO-884,F
ALUNO-885,F
ALUNO-886,M
ALUNO-887,M
ALUNO-888,F
ALUNO-889,F
ALUNO-890,M
ALUNO-891,F
ALUNO-892,M
ALUNO-893,M
ALUNO-894,F
ALUNO-895,M
ALUNO-896,F
ALUNO-897,M
ALUNO-898,F
ALUNO-899,M
ALUNO-900,F
ALUNO-901,F
ALUNO-902,M
ALUNO-903,M
ALUNO-904,F
ALUNO-905,M
ALUNO-906,F
ALUNO-907,F
ALUNO-908,M
ALUNO-909,M
ALUNO-910,F
ALUNO-911,F
ALUNO-912,F
ALUNO-913,M
ALUNO-914,M
ALUNO-915,M
ALUNO-916,F
ALUNO-917,F
ALUNO-918,F
ALUNO-919,F
ALUNO-920,M
ALUNO-921,M
ALUNO-922,F
ALUNO-923,F
ALUNO-924,M
ALUNO-925,M
ALUNO-926,M
ALUNO-927,M
ALUNO-928,M
ALUNO-929,F
ALUNO-930,M
ALUNO-931,M
ALUNO-932,M
ALUNO-933,M
ALUNO-934,F
ALUNO-935,F
ALUNO-936,M
ALUNO-937,F
ALUNO-938,F
ALUNO-939,M
ALUNO-940,F
ALUNO-941,F
ALUNO-942,F
ALUNO-943,F
ALUNO-944,M
ALUNO-945,F
ALUNO-946,F
ALUNO-947,M
ALUNO-948,F
ALUNO-949,F
ALUNO-950,M
ALUNO-951,M
ALUNO-952,M
ALUNO-953,F
ALUNO-954,F
ALUNO-955,M
ALUNO-956,M
ALUNO-957,F
ALUNO-958,M
ALUNO-959,M
ALUNO-960,F
ALUNO-961,F
ALUNO-962,F
ALUNO-963,F
ALUNO-964,F
ALUNO-965,M
ALUNO-966,F
ALUNO-967,M
ALUNO-968,F
ALUNO-969,F
ALUNO-970,M
ALUNO-971,F
ALUNO-972,M
ALUNO-973,F
ALUNO-974,F
ALUNO-975,F
ALUNO-976,M
ALUNO-977,F
ALUNO-978,F
ALUNO-979,F
ALUNO-980,M
ALUNO-981,F
ALUNO-982,M
ALUNO-983,F
ALUNO-984,M
ALUNO-985,M
ALUNO-986,M
ALUNO-987,M
ALUNO-988,M
ALUNO-989,F
ALUNO-990,F
ALUNO-991,F
ALUNO-992,F
ALUNO-993,F
ALUNO-994,M
ALUNO-995,M
ALUNO-996,F
ALUNO-997,M
ALUNO-998,F
ALUNO-999,F
ALUNO-1000,M
ALUNO-1001,F
ALUNO-1002,M
ALUNO-1003,M
ALUNO-1004,M
ALUNO-1005,F
ALUNO-1006,F
ALUNO-1007,F
ALUNO-1008,M
ALUNO-1009,M
ALUNO-1010,F
ALUNO-1011,M
ALUNO-1012,F
ALUNO-1013,F
ALUNO-1014,F
ALUNO-1015,F
ALUNO-1016,M
ALUNO-1017,F
ALUNO-1018,M
ALUNO-1019,F
ALUNO-1020,F
ALUNO-1021,F
ALUNO-1022,F
ALUNO-1023,F
ALUNO-1024,M
ALUNO-1025,F
ALUNO-1026,M
ALUNO-1027,F
ALUNO-1028,F
ALUNO-1029,F
ALUNO-1030,M
ALUNO-1031,M
ALUNO-1032,F
ALUNO-1033,M
ALUNO-1034,M
ALUNO-1035,M
ALUNO-1036,M
ALUNO-1037,M
ALUNO-1038,F
ALUNO-1039,M
ALUNO-1040,M
ALUNO-1041,M
ALUNO-1042,M
ALUNO-1043,M
ALUNO-1044,M
ALUNO-1045,F
ALUNO-1046,F
ALUNO-1047,F
ALUNO-1048,M
ALUNO-1049,M
ALUNO-1050,F
ALUNO-1051,F
ALUNO-1052,F
ALUNO-1053,F
ALUNO-1054,F
ALUNO-1055,F
ALUNO-1056,F
ALUNO-1057,M
ALUNO-1058,F
ALUNO-1059,M
ALUNO-1060,F
ALUNO-1061,M
ALUNO-1062,M
ALUNO-1063,F
ALUNO-1064,M
ALUNO-1065,M
ALUNO-1066,F
ALUNO-1067,F
ALUNO-1068,M
ALUNO-1069,F
ALUNO-1070,M
ALUNO-1071,F
ALUNO-1072,F
ALUNO-1073,M
ALUNO-1074,F
ALUNO-1075,F
ALUNO-1076,F
ALUNO-1077,F
ALUNO-1078,F
ALUNO-1079,F
ALUNO-1080,F
ALUNO-1081,F
ALUNO-1082,M
ALUNO-1083,F
ALUNO-1084,M
ALUNO-1085,F
ALUNO-1086,M
ALUNO-1087,F
ALUNO-1088,F
ALUNO-1089,M
ALUNO-1090,F
ALUNO-1091,F
ALUNO-1092,F
ALUNO-1093,F
ALUNO-1094,M
ALUNO-1095,F
ALUNO-1096,M
ALUNO-1097,M
ALUNO-1098,F
ALUNO-1099,F
ALUNO-1100,M
ALUNO-1101,F
ALUNO-1102,F
ALUNO-1103,F
ALUNO-1104,M
ALUNO-1105,F
ALUNO-1106,M
ALUNO-1107,F
ALUNO-1108,F
ALUNO-1109,F
ALUNO-1110,F
ALUNO-1111,F
ALUNO-1112,F
ALUNO-1113,M
ALUNO-1114,M
ALUNO-1115,M
ALUNO-1116,M
ALUNO-1117,M
ALUNO-1118,M
ALUNO-1119,M
ALUNO-1120,F
ALUNO-1121,F
ALUNO-1122,F
ALUNO-1123,F
ALUNO-1124,F
ALUNO-1125,F
ALUNO-1126,F
ALUNO-1127,M
ALUNO-1128,F
ALUNO-1129,M
ALUNO-1130,M
ALUNO-1131,M
ALUNO-1132,M
ALUNO-1133,F
ALUNO-1134,M
ALUNO-1135,M
ALUNO-1136,F
ALUNO-1137,M
ALUNO-1138,M
ALUNO-1139,F
ALUNO-1140,F
ALUNO-1141,F
ALUNO-1142,F
ALUNO-1143,F
ALUNO-1144,F
ALUNO-1145,M
ALUNO-1146,M
ALUNO-1147,F
ALUNO-1148,F
ALUNO-1149,M
ALUNO-1150,M
ALUNO-1151,F
ALUNO-1152,M
ALUNO-1153,M
ALUNO-1154,M
ALUNO-1155,F
ALUNO-1156,M
ALUNO-1157,F
ALUNO-1158,M
ALUNO-1159,F
ALUNO-1160,F
ALUNO-1161,F
ALUNO-1162,F
ALUNO-1163,M
ALUNO-1164,F
ALUNO-1165,M
ALUNO-1166,F
ALUNO-1167,M
ALUNO-1168,F
ALUNO-1169,M
ALUNO-1170,M
ALUNO-1171,F
ALUNO-1172,F
ALUNO-1173,M
ALUNO-1174,F
ALUNO-1175,M
ALUNO-1176,M
ALUNO-1177,M
ALUNO-1178,M
ALUNO-1179,F
ALUNO-1180,M
ALUNO-1181,F
ALUNO-1182,M
ALUNO-1183,F
ALUNO-1184,F
ALUNO-1185,M
ALUNO-1186,F
ALUNO-1187,F
ALUNO-1188,F
ALUNO-1189,F
ALUNO-1190,F
ALUNO-1191,M
ALUNO-1192,M
ALUNO-1193,M
ALUNO-1194,F
ALUNO-1195,F
ALUNO-1196,F
ALUNO-1197,M
ALUNO-1198,F
ALUNO-1199,M
ALUNO-1200,F
ALUNO-1201,F
ALUNO-1202,F
ALUNO-1203,M
ALUNO-1204,F
ALUNO-1205,F
ALUNO-1206,M
ALUNO-1207,F
ALUNO-1208,M
ALUNO-1209,F
ALUNO-1210,M
ALUNO-1211,F
ALUNO-1212,F
ALUNO-1213,F
ALUNO-1214,F
ALUNO-1215,M
ALUNO-1216,M
ALUNO-1217,M
ALUNO-1218,F
ALUNO-1219,M
ALUNO-1220,F
ALUNO-1221,M
ALUNO-1222,M
ALUNO-1223,F
ALUNO-1224,M
ALUNO-1225,M
ALUNO-1226,M
ALUNO-1227,M
ALUNO-1228,F
ALUNO-1229,F
ALUNO-1230,M
ALUNO-1231,F
ALUNO-1232,M
ALUNO-1233,M
ALUNO-1234,F
ALUNO-1235,M
ALUNO-1236,F
ALUNO-1237,M
ALUNO-1238,F
ALUNO-1239,F
ALUNO-1240,M
ALUNO-1241,M
ALUNO-1242,M
ALUNO-1243,M
ALUNO-1244,F
ALUNO-1245,M
ALUNO-1246,F
ALUNO-1247,F
ALUNO-1248,F
ALUNO-1249,M
ALUNO-1250,F
ALUNO-1251,M
ALUNO-1252,F
ALUNO-1253,M
ALUNO-1254,F
ALUNO-1255,M
ALUNO-1256,M
ALUNO-1257,M
ALUNO-1258,F
ALUNO-1259,F
ALUNO-1260,F
ALUNO-1261,F
ALUNO-1262,F
ALUNO-1263,M
ALUNO-1264,M
ALUNO-1265,M
ALUNO-1266,M
ALUNO-1267,M
ALUNO-1268,F
ALUNO-1269,F
ALUNO-1270,M
ALUNO-1271,F
ALUNO-1272,F
ALUNO-1273,M
ALUNO-1274,M
ALUNO-1275,F
ALUNO-1276,F
ALUNO-1277,M
ALUNO-1278,F
ALUNO-1279,F
ALUNO-1280,M
ALUNO-1281,M
ALUNO-1282,F
ALUNO-1283,M
ALUNO-1284,M
ALUNO-1285,F
ALUNO-1286,M
ALUNO-1287,F
ALUNO-1288,M
ALUNO-1289,M
ALUNO-1290,F
ALUNO-1291,M
ALUNO-1292,M
ALUNO-1293,M
ALUNO-1294,M
ALUNO-1295,M
ALUNO-1296,M
ALUNO-1297,F
ALUNO-1298,F
ALUNO-1299,M
ALUNO-1300,M
ALUNO-1301,F
ALUNO-1302,M
ALUNO-1303,F
ALUNO-1304,M
ALUNO-1305,F
ALUNO-1306,M
ALUNO-1307,F
ALUNO-1308,F
ALUNO-1309,M
ALUNO-1310,F
ALUNO-1311,M
ALUNO-1312,F
ALUNO-1313,F
ALUNO-1314,F
ALUNO-1315,F
ALUNO-1316,M
ALUNO-1317,F
ALUNO-1318,M
ALUNO-1319,M
ALUNO-1320,M
ALUNO-1321,M
ALUNO-1322,F
ALUNO-1323,M
ALUNO-1324,M
ALUNO-1325,M
ALUNO-1326,F
ALUNO-1327,F
ALUNO-1328,F
ALUNO-1329,F
ALUNO-1330,M
ALUNO-1331,F
ALUNO-1332,F
ALUNO-1333,M
ALUNO-1334,M
ALUNO-1335,M
ALUNO-1336,F
ALUNO-1337,F
ALUNO-1338,F
ALUNO-1339,F
ALUNO-1340,F
ALUNO-1341,F
ALUNO-1342,F
ALUNO-1343,M
ALUNO-1344,F
ALUNO-1345,M
ALUNO-1346,F
ALUNO-1347,F
ALUNO-1348,F
ALUNO-1349,F
ALUNO-1350,M
ALUNO-1351,M
ALUNO-1352,F
ALUNO-1353,F
ALUNO-1354,M
ALUNO-1355,F
ALUNO-1356,M
ALUNO-1357,M
ALUNO-1358,M
ALUNO-1359,M
ALUNO-1360,M
ALUNO-1361,M
ALUNO-1362,F
ALUNO-1363,M
ALUNO-1364,M
ALUNO-1365,M
ALUNO-1366,M
ALUNO-1367,M
ALUNO-1368,M
ALUNO-1369,M
ALUNO-1370,M
ALUNO-1371,M
ALUNO-1372,M
ALUNO-1373,F
ALUNO-1374,M
ALUNO-1375,M
ALUNO-1376,M
ALUNO-1377,F
ALUNO-1378,F
ALUNO-1379,F
ALUNO-1380,M
ALUNO-1381,F
ALUNO-1382,M
ALUNO-1383,M
ALUNO-1384,M
ALUNO-1385,F
ALUNO-1386,M
ALUNO-1387,M
ALUNO-1388,F
ALUNO-1389,F
ALUNO-1390,F
ALUNO-1391,M
ALUNO-1392,F
ALUNO-1393,F
ALUNO-1394,F
ALUNO-1395,M
ALUNO-1396,M
ALUNO-1397,M
ALUNO-1398,M
ALUNO-1399,F
ALUNO-1400,M
ALUNO-1401,M
ALUNO-1402,M
ALUNO-1403,F
ALUNO-1404,F
ALUNO-1405,F
ALUNO-1406,F
ALUNO-1407,F
ALUNO-1408,M
ALUNO-1409,F
ALUNO-1410,F
ALUNO-1411,M
ALUNO-1412,F
ALUNO-1413,M
ALUNO-1414,M
ALUNO-1415,F
ALUNO-1416,F
ALUNO-1417,F
ALUNO-1418,F
ALUNO-1419,M
ALUNO-1420,F
ALUNO-1421,M
ALUNO-1422,F
ALUNO-1423,M
ALUNO-1424,M
ALUNO-1425,F
ALUNO-1426,M
ALUNO-1427,F
ALUNO-1428,F
ALUNO-1429,F
ALUNO-1430,F
ALUNO-1431,M
ALUNO-1432,F
ALUNO-1433,F
ALUNO-1434,M
ALUNO-1435,M
ALUNO-1436,F
ALUNO-1437,M
ALUNO-1438,F
ALUNO-1439,F
ALUNO-1440,M
ALUNO-1441,F
ALUNO-1442,M
ALUNO-1443,F
ALUNO-1444,M
ALUNO-1445,M
ALUNO-1446,F
ALUNO-1447,M
ALUNO-1448,F
ALUNO-1449,M
ALUNO-1450,M
ALUNO-1451,M
ALUNO-1452,F
ALUNO-1453,F
ALUNO-1454,M
ALUNO-1455,F
ALUNO-1456,M
ALUNO-1457,M
ALUNO-1458,F
ALUNO-1459,F
ALUNO-1460,F
ALUNO-1461,F
ALUNO-1462,M
ALUNO-1463,M
ALUNO-1464,F
ALUNO-1465,F
ALUNO-1466,M
ALUNO-1467,M
ALUNO-1468,M
ALUNO-1469,M
ALUNO-1470,M
ALUNO-1471,F
ALUNO-1472,F
ALUNO-1473,F
ALUNO-1474,M
ALUNO-1475,M
ALUNO-1476,F
ALUNO-1477,F
ALUNO-1478,M
ALUNO-1479,F
ALUNO-1480,M
ALUNO-1481,M
ALUNO-1482,M
ALUNO-1483,F
ALUNO-1484,F
ALUNO-1485,M
ALUNO-1486,M
ALUNO-1487,M
ALUNO-1488,F
ALUNO-1489,M
ALUNO-1490,F
ALUNO-1491,M
ALUNO-1492,M
ALUNO-1493,F
ALUNO-1494,F
ALUNO-1495,M
ALUNO-1496,M
ALUNO-1497,M
ALUNO-1498,F
ALUNO-1499,M
ALUNO-1500,F
ALUNO-1501,F
ALUNO-1502,M
ALUNO-1503,M
ALUNO-1504,F
ALUNO-1505,M
ALUNO-1506,M
ALUNO-1507,F
ALUNO-1508,F
ALUNO-1509,M
ALUNO-1510,M
ALUNO-1511,M
ALUNO-1512,M
ALUNO-1513,M
ALUNO-1514,F
ALUNO-1515,F
ALUNO-1516,F
ALUNO-1517,M
ALUNO-1518,M
ALUNO-1519,M
ALUNO-1520,M
ALUNO-1521,F
ALUNO-1522,F
ALUNO-1523,F
ALUNO-1524,F
ALUNO-1525,M
ALUNO-1526,M
ALUNO-1527,M
ALUNO-1528,M
ALUNO-1529,F
ALUNO-1530,F
ALUNO-1531,F
ALUNO-1532,F
ALUNO-1533,M
ALUNO-1534,F
ALUNO-1535,M
ALUNO-1536,F
ALUNO-1537,M
ALUNO-1538,M
ALUNO-1539,M
ALUNO-1540,F
ALUNO-1541,F
ALUNO-1542,M
ALUNO-1543,F
ALUNO-1544,M
ALUNO-1545,M
ALUNO-1546,M
ALUNO-1547,M
ALUNO-1548,M
ALUNO-1549,M
ALUNO-1550,M
ALUNO-1551,F
ALUNO-1552,F
ALUNO-1553,M
ALUNO-1554,F
ALUNO-1555,M
ALUNO-1556,F
ALUNO-1557,F
ALUNO-1558,F
ALUNO-1559,M
ALUNO-1560,F
ALUNO-1561,M
ALUNO-1562,F
ALUNO-1563,F
ALUNO-1564,F
ALUNO-1565,F
ALUNO-1566,F
ALUNO-1567,M
ALUNO-1568,F
ALUNO-1569,F
ALUNO-1570,F
ALUNO-1571,F
ALUNO-1572,F
ALUNO-1573,M
ALUNO-1574,M
ALUNO-1575,M
ALUNO-1576,M
ALUNO-1577,M
ALUNO-1578,F
ALUNO-1579,M
ALUNO-1580,M
ALUNO-1581,F
ALUNO-1582,F
ALUNO-1583,F
ALUNO-1584,M
ALUNO-1585,M
ALUNO-1586,M
ALUNO-1587,M
ALUNO-1588,F
ALUNO-1589,M
ALUNO-1590,F
ALUNO-1591,M
ALUNO-1592,M
ALUNO-1593,M
ALUNO-1594,M
ALUNO-1595,F
ALUNO-1596,M
ALUNO-1597,M
ALUNO-1598,F
ALUNO-1599,F
ALUNO-1600,F
ALUNO-1601,F
ALUNO-1602,F
ALUNO-1603,F
ALUNO-1604,M
ALUNO-1605,M
ALUNO-1606,F
ALUNO-1607,F
ALUNO-1608,M
ALUNO-1609,M
ALUNO-1610,F
ALUNO-1611,M
ALUNO-1612,F
ALUNO-1613,M
ALUNO-1614,F
ALUNO-1615,F
ALUNO-1616,F
ALUNO-1617,F
ALUNO-1618,M
ALUNO-1619,F
ALUNO-1620,F
ALUNO-1621,M
ALUNO-1622,M
ALUNO-1623,F
ALUNO-1624,F
ALUNO-1625,F
ALUNO-1626,F
ALUNO-1627,M
ALUNO-1628,M
ALUNO-1629,F
ALUNO-1630,M
ALUNO-1631,M
ALUNO-1632,M
ALUNO-1633,M
ALUNO-1634,F
ALUNO-1635,F
ALUNO-1636,M
ALUNO-1637,F
ALUNO-1638,M
ALUNO-1639,M
ALUNO-1640,M
ALUNO-1641,F
ALUNO-1642,M
ALUNO-1643,F
ALUNO-1644,F
ALUNO-1645,F
ALUNO-1646,F
ALUNO-1647,M
ALUNO-1648,F
ALUNO-1649,M
ALUNO-1650,F
ALUNO-1651,M
ALUNO-1652,M
ALUNO-1653,F
ALUNO-1654,F
ALUNO-1655,F
ALUNO-1656,M
ALUNO-1657,M
ALUNO-1658,F
ALUNO-1659,F
ALUNO-1660,F
ALUNO-1661,F
ALUNO-1662,F
ALUNO-1663,F
ALUNO-1664,F
ALUNO-1665,F
ALUNO-1666,F
ALUNO-1667,M
ALUNO-1668,M
ALUNO-1669,M
ALUNO-1670,M
ALUNO-1671,M
ALUNO-1672,F
ALUNO-1673,F
ALUNO-1674,F
ALUNO-1675,F
ALUNO-1676,F
ALUNO-1677,F
ALUNO-1678,M
ALUNO-1679,M
ALUNO-1680,M
ALUNO-1681,M
ALUNO-1682,F
ALUNO-1683,F
ALUNO-1684,F
ALUNO-1685,F
ALUNO-1686,M
ALUNO-1687,M
ALUNO-1688,M
ALUNO-1689,M
ALUNO-1690,M
ALUNO-1691,F
ALUNO-1692,M
ALUNO-1693,F
ALUNO-1694,M
ALUNO-1695,F
ALUNO-1696,F
ALUNO-1697,F
ALUNO-1698,F
ALUNO-1699,F
ALUNO-1700,F
ALUNO-1701,M
ALUNO-1702,M
ALUNO-1703,F
ALUNO-1704,M
ALUNO-1705,F
ALUNO-1706,M
ALUNO-1707,F
ALUNO-1708,F
ALUNO-1709,M
ALUNO-1710,F
ALUNO-1711,M
ALUNO-1712,F
ALUNO-1713,F
ALUNO-1714,F
ALUNO-1715,M
ALUNO-1716,F
ALUNO-1717,M
ALUNO-1718,M
ALUNO-1719,F
ALUNO-1720,M
ALUNO-1721,M
ALUNO-1722,F
ALUNO-1723,F
ALUNO-1724,F
ALUNO-1725,M
ALUNO-1726,M
ALUNO-1727,F
ALUNO-1728,F
ALUNO-1729,M
ALUNO-1730,F
ALUNO-1731,M
ALUNO-1732,M
ALUNO-1733,M
ALUNO-1734,F
ALUNO-1735,M
ALUNO-1736,M
ALUNO-1737,M
ALUNO-1738,M
ALUNO-1739,M
ALUNO-1740,M
ALUNO-1741,F
ALUNO-1742,M
ALUNO-1743,M
ALUNO-1744,F
ALUNO-1745,F
ALUNO-1746,M
ALUNO-1747,F
ALUNO-1748,M
ALUNO-1749,M
ALUNO-1750,F
ALUNO-1751,F
ALUNO-1752,M
ALUNO-1753,F
ALUNO-1754,M
ALUNO-1755,M
ALUNO-1756,F
ALUNO-1757,F
ALUNO-1758,F
ALUNO-1759,F
ALUNO-1760,F
ALUNO-1761,M
ALUNO-1762,F
ALUNO-1763,M
ALUNO-1764,M
ALUNO-1765,F
ALUNO-1766,F
ALUNO-1767,F
ALUNO-1768,F
ALUNO-1769,M
ALUNO-1770,F
ALUNO-1771,F
ALUNO-1772,M
ALUNO-1773,F
ALUNO-1774,F
ALUNO-1775,M
ALUNO-1776,F
ALUNO-1777,F
ALUNO-1778,F
ALUNO-1779,F
ALUNO-1780,F
ALUNO-1781,F
ALUNO-1782,F
ALUNO-1783,M
ALUNO-1784,M
ALUNO-1785,M
ALUNO-1786,F
ALUNO-1787,M
ALUNO-1788,M
ALUNO-1789,F
ALUNO-1790,F
ALUNO-1791,F
ALUNO-1792,M
ALUNO-1793,M
ALUNO-1794,F
ALUNO-1795,F
ALUNO-1796,F
ALUNO-1797,M
ALUNO-1798,M
ALUNO-1799,M
ALUNO-1800,F
ALUNO-1801,F
ALUNO-1802,F
ALUNO-1803,M
ALUNO-1804,F
ALUNO-1805,F
ALUNO-1806,F
ALUNO-1807,F
ALUNO-1808,F
ALUNO-1809,M
ALUNO-1810,M
ALUNO-1811,M
ALUNO-1812,M
ALUNO-1813,F
ALUNO-1814,F
ALUNO-1815,F
ALUNO-1816,F
ALUNO-1817,F
ALUNO-1818,F
ALUNO-1819,M
ALUNO-1820,F
ALUNO-1821,F
ALUNO-1822,F
ALUNO-1823,M
ALUNO-1824,M
ALUNO-1825,F
ALUNO-1826,M
ALUNO-1827,M
ALUNO-1828,F
ALUNO-1829,F
ALUNO-1830,M
ALUNO-1831,F
ALUNO-1832,M
ALUNO-1833,F
ALUNO-1834,F
ALUNO-1835,F
ALUNO-1836,M
ALUNO-1837,M
ALUNO-1838,F
ALUNO-1839,M
ALUNO-1840,F
ALUNO-1841,F
ALUNO-1842,M
ALUNO-1843,F
ALUNO-1844,F
ALUNO-1845,M
ALUNO-1846,M
ALUNO-1847,M
ALUNO-1848,F
ALUNO-1849,M
ALUNO-1850,M
ALUNO-1851,M
ALUNO-1852,M
ALUNO-1853,F
ALUNO-1854,F
ALUNO-1855,F
ALUNO-1856,F
ALUNO-1857,F
ALUNO-1858,M
ALUNO-1859,F
ALUNO-1860,M
ALUNO-1861,M
ALUNO-1862,F
ALUNO-1863,M
ALUNO-1864,F
ALUNO-1865,M
ALUNO-1866,F
ALUNO-1867,M
ALUNO-1868,F
ALUNO-1869,F
ALUNO-1870,F
ALUNO-1871,M
ALUNO-1872,F
ALUNO-1873,M
ALUNO-1874,M
ALUNO-1875,F
ALUNO-1876,F
ALUNO-1877,F
ALUNO-1878,F
ALUNO-1879,F
ALUNO-1880,F
ALUNO-1881,F
ALUNO-1882,M
ALUNO-1883,F
ALUNO-1884,F
ALUNO-1885,M
ALUNO-1886,F
ALUNO-1887,M
ALUNO-1888,F
ALUNO-1889,F
ALUNO-1890,F
ALUNO-1891,F
ALUNO-1892,M
ALUNO-1893,M
ALUNO-1894,M
ALUNO-1895,F
ALUNO-1896,M
ALUNO-1897,M
ALUNO-1898,M
ALUNO-1899,M
ALUNO-1900,F
ALUNO-1901,F
ALUNO-1902,F
ALUNO-1903,F
ALUNO-1904,F
ALUNO-1905,F
ALUNO-1906,M
ALUNO-1907,M
ALUNO-1908,M
ALUNO-1909,F
ALUNO-1910,M
ALUNO-1911,F
ALUNO-1912,F
ALUNO-1913,F
ALUNO-1914,M
ALUNO-1915,F
ALUNO-1916,F
ALUNO-1917,F
ALUNO-1918,F
ALUNO-1919,M
ALUNO-1920,M
ALUNO-1921,M
ALUNO-1922,F
ALUNO-1923,F
ALUNO-1924,F
ALUNO-1925,F
ALUNO-1926,F
ALUNO-1927,F
ALUNO-1928,M
ALUNO-1929,M
ALUNO-1930,F
ALUNO-1931,M
ALUNO-1932,F
ALUNO-1933,M
ALUNO-1934,M
ALUNO-1935,M
ALUNO-1936,M
ALUNO-1937,F
ALUNO-1938,M
ALUNO-1939,F
ALUNO-1940,F
ALUNO-1941,F
ALUNO-1942,M
ALUNO-1943,M
ALUNO-1944,F
ALUNO-1945,F
ALUNO-1946,F
ALUNO-1947,F
ALUNO-1948,M
ALUNO-1949,F
ALUNO-1950,F
ALUNO-1951,M
ALUNO-1952,F
ALUNO-1953,M
ALUNO-1954,M
ALUNO-1955,F
ALUNO-1956,M
ALUNO-1957,M
ALUNO-1958,F
ALUNO-1959,F
ALUNO-1960,F
ALUNO-1961,F
ALUNO-1962,M
ALUNO-1963,M
ALUNO-1964,F
ALUNO-1965,F
ALUNO-1966,F
ALUNO-1967,M
ALUNO-1968,M
ALUNO-1969,F
ALUNO-1970,F
ALUNO-1971,F
ALUNO-1972,F
ALUNO-1973,F
ALUNO-1974,F
ALUNO-1975,F
ALUNO-1976,F
ALUNO-1977,M
ALUNO-1978,F
ALUNO-1979,M
ALUNO-1980,M
ALUNO-1981,F
ALUNO-1982,M
ALUNO-1983,F
ALUNO-1984,F
ALUNO-1985,F
ALUNO-1986,M
ALUNO-1987,F
ALUNO-1988,M
ALUNO-1989,M
ALUNO-1990,M
ALUNO-1991,M
ALUNO-1992,F
ALUNO-1993,F
ALUNO-1994,F
ALUNO-1995,M
ALUNO-1996,F
ALUNO-1997,F
ALUNO-1998,F
ALUNO-1999,M
ALUNO-2000,F
ALUNO-2001,M
ALUNO-2002,M
ALUNO-2003,F
ALUNO-2004,F
ALUNO-2005,M
ALUNO-2006,F
ALUNO-2007,M
ALUNO-2008,M
ALUNO-2009,F
ALUNO-2010,M
ALUNO-2011,M
ALUNO-2012,F
ALUNO-2013,F
ALUNO-2014,F
ALUNO-2015,F
ALUNO-2016,F
ALUNO-2017,M
ALUNO-2018,M
ALUNO-2019,F
ALUNO-2020,M
ALUNO-2021,F
ALUNO-2022,F
ALUNO-2023,M
ALUNO-2024,M
ALUNO-2025,F
ALUNO-2026,F
ALUNO-2027,F
ALUNO-2028,M
ALUNO-2029,M
ALUNO-2030,F
ALUNO-2031,M
ALUNO-2032,F
ALUNO-2033,M
ALUNO-2034,M
ALUNO-2035,M
ALUNO-2036,M
ALUNO-2037,M
ALUNO-2038,M
ALUNO-2039,M
ALUNO-2040,F
ALUNO-2041,F
ALUNO-2042,F
ALUNO-2043,M
ALUNO-2044,F
ALUNO-2045,F
ALUNO-2046,F
ALUNO-2047,M
ALUNO-2048,F
ALUNO-2049,F
ALUNO-2050,F
ALUNO-2051,F
ALUNO-2052,M
ALUNO-2053,M
ALUNO-2054,F
ALUNO-2055,F
ALUNO-2056,M
ALUNO-2057,M
ALUNO-2058,M
ALUNO-2059,M
ALUNO-2060,F
ALUNO-2061,M
ALUNO-2062,F
ALUNO-2063,F
ALUNO-2064,F
ALUNO-2065,M
ALUNO-2066,M
ALUNO-2067,M
ALUNO-2068,M
ALUNO-2069,F
ALUNO-2070,M
ALUNO-2071,M
ALUNO-2072,M
ALUNO-2073,F
ALUNO-2074,M
ALUNO-2075,F
ALUNO-2076,M
ALUNO-2077,M
ALUNO-2078,F
ALUNO-2079,M
ALUNO-2080,F
ALUNO-2081,F
ALUNO-2082,F
ALUNO-2083,F
ALUNO-2084,F
ALUNO-2085,M
ALUNO-2086,F
ALUNO-2087,F
ALUNO-2088,F
ALUNO-2089,M
ALUNO-2090,F
ALUNO-2091,M
ALUNO-2092,F
ALUNO-2093,F
ALUNO-2094,F
ALUNO-2095,F
ALUNO-2096,F
ALUNO-2097,F
ALUNO-2098,F
ALUNO-2099,F
ALUNO-2100,F
ALUNO-2101,F
ALUNO-2102,M
ALUNO-2103,M
ALUNO-2104,F
ALUNO-2105,F
ALUNO-2106,M
ALUNO-2107,M
ALUNO-2108,M
ALUNO-2109,F
ALUNO-2110,M
ALUNO-2111,M
ALUNO-2112,M
ALUNO-2113,F
ALUNO-2114,M
ALUNO-2115,M
ALUNO-2116,M
ALUNO-2117,M
ALUNO-2118,F
ALUNO-2119,F
ALUNO-2120,F
ALUNO-2121,F
ALUNO-2122,M
ALUNO-2123,F
ALUNO-2124,M
ALUNO-2125,M
ALUNO-2126,M
ALUNO-2127,F
ALUNO-2128,M
ALUNO-2129,M
ALUNO-2130,F
ALUNO-2131,F
ALUNO-2132,M
ALUNO-2133,F
ALUNO-2134,F
ALUNO-2135,M
ALUNO-2136,F
ALUNO-2137,F
ALUNO-2138,M
ALUNO-2139,F
ALUNO-2140,M
ALUNO-2141,F
ALUNO-2142,F
ALUNO-2143,F
ALUNO-2144,F
ALUNO-2145,F
ALUNO-2146,M
ALUNO-2147,F
ALUNO-2148,M
ALUNO-2149,M
ALUNO-2150,M
ALUNO-2151,M
ALUNO-2152,F
ALUNO-2153,M
ALUNO-2154,F
ALUNO-2155,F
ALUNO-2156,F
ALUNO-2157,F
ALUNO-2158,M
ALUNO-2159,M
ALUNO-2160,F
ALUNO-2161,F
ALUNO-2162,M
ALUNO-2163,F
ALUNO-2164,M
ALUNO-2165,F
ALUNO-2166,F
ALUNO-2167,M
ALUNO-2168,M
ALUNO-2169,M
ALUNO-2170,M
ALUNO-2171,M
ALUNO-2172,F
ALUNO-2173,F
ALUNO-2174,F
ALUNO-2175,M
ALUNO-2176,F
ALUNO-2177,F
ALUNO-2178,M
ALUNO-2179,M
ALUNO-2180,F
ALUNO-2181,M
ALUNO-2182,F
ALUNO-2183,M
ALUNO-2184,M
ALUNO-2185,M
ALUNO-2186,F
ALUNO-2187,F
ALUNO-2188,M
ALUNO-2189,F
ALUNO-2190,F
ALUNO-2191,F
ALUNO-2192,M
ALUNO-2193,M
ALUNO-2194,F
ALUNO-2195,F
ALUNO-2196,M
ALUNO-2197,M
ALUNO-2198,M
ALUNO-2199,M
ALUNO-2200,F
ALUNO-2201,M
ALUNO-2202,F
ALUNO-2203,M
ALUNO-2204,M
ALUNO-2205,M
ALUNO-2206,M
ALUNO-2207,M
ALUNO-2208,M
ALUNO-2209,M
ALUNO-2210,M
ALUNO-2211,F
ALUNO-2212,M
ALUNO-2213,M
ALUNO-2214,F
ALUNO-2215,M
ALUNO-2216,F
ALUNO-2217,M
ALUNO-2218,F
ALUNO-2219,F
ALUNO-2220,M
ALUNO-2221,F
ALUNO-2222,M
ALUNO-2223,F
ALUNO-2224,F
ALUNO-2225,F
ALUNO-2226,F
ALUNO-2227,F
ALUNO-2228,M
ALUNO-2229,F
ALUNO-2230,F
ALUNO-2231,M
ALUNO-2232,F
ALUNO-2233,M
ALUNO-2234,M
ALUNO-2235,M
ALUNO-2236,F
ALUNO-2237,M
ALUNO-2238,M
